,VendorID,tpep_pickup_datetime,tpep_dropoff_datetime,passenger_count,trip_distance,RatecodeID,store_and_fwd_flag,PULocationID,DOLocationID,payment_type,fare_amount,extra,mta_tax,tip_amount,tolls_amount,improvement_surcharge,total_amount,congestion_surcharge,Airport_fee,cbd_congestion_fee
2104661,2,2025-08-25 09:01:17,2025-08-25 09:15:36,1.0,5.1,1.0,N,162,88,1,23.3,0.0,0.5,5.61,0.0,1.0,33.66,2.5,0.0,0.75
705749,1,2025-08-09 00:19:20,2025-08-09 00:41:43,4.0,3.4,1.0,N,229,158,1,19.8,4.25,0.5,5.1,0.0,1.0,30.65,2.5,0.0,0.75
2454994,1,2025-08-29 09:43:04,2025-08-29 09:57:37,1.0,4.8,1.0,N,137,261,1,22.6,3.25,0.5,1.0,0.0,1.0,28.35,2.5,0.0,0.75
2695750,2,2025-08-01 08:37:33,2025-08-01 08:58:37,,6.82,,,229,231,0,27.42,0.0,0.5,0.0,0.0,1.0,32.17,,,0.75
48829,7,2025-08-01 16:50:53,2025-08-01 16:50:53,1.0,2.67,1.0,N,138,179,1,15.6,0.0,0.5,5.0,0.0,1.0,31.35,0.0,6.75,0.0
2117282,2,2025-08-25 12:24:02,2025-08-25 12:34:19,1.0,1.13,1.0,N,161,164,1,10.7,0.0,0.5,3.09,0.0,1.0,18.54,2.5,0.0,0.75
2049631,1,2025-08-24 14:34:02,2025-08-24 14:58:16,1.0,3.4,1.0,N,236,68,1,21.2,3.25,0.5,4.0,0.0,1.0,29.95,2.5,0.0,0.75
708833,2,2025-08-09 01:52:26,2025-08-09 02:14:23,1.0,2.69,1.0,N,68,144,1,19.8,1.0,0.5,3.83,0.0,1.0,29.38,2.5,0.0,0.75
1945785,2,2025-08-23 10:54:57,2025-08-23 11:12:30,1.0,2.94,1.0,N,113,87,1,17.7,0.0,0.5,4.49,0.0,1.0,26.94,2.5,0.0,0.75
3527216,2,2025-08-30 18:06:45,2025-08-30 18:23:56,,3.36,,,158,88,0,-4.75,0.0,0.5,0.0,0.0,1.0,1.0,,,0.75
497026,2,2025-08-06 19:36:32,2025-08-06 20:14:09,2.0,17.18,1.0,N,132,212,2,66.0,2.5,0.5,0.0,6.94,1.0,78.69,0.0,1.75,0.0
1025035,2,2025-08-12 22:50:32,2025-08-12 23:00:41,1.0,2.08,1.0,N,114,164,1,12.1,1.0,0.5,3.57,0.0,1.0,21.42,2.5,0.0,0.75
1622514,2,2025-08-19 19:18:44,2025-08-19 19:36:21,1.0,7.5,1.0,N,132,203,2,30.3,2.5,0.5,0.0,0.0,1.0,36.05,0.0,1.75,0.0
2535303,2,2025-08-30 02:59:39,2025-08-30 03:13:42,1.0,3.23,1.0,N,186,87,1,17.0,1.0,0.5,1.0,0.0,1.0,23.75,2.5,0.0,0.75
1651928,1,2025-08-20 08:39:47,2025-08-20 08:50:15,1.0,1.5,1.0,N,170,161,1,10.7,3.25,0.5,3.1,0.0,1.0,18.55,2.5,0.0,0.75
1360428,2,2025-08-16 15:30:03,2025-08-16 15:33:44,1.0,0.91,1.0,N,238,142,1,6.5,0.0,0.5,2.1,0.0,1.0,12.6,2.5,0.0,0.0
136205,1,2025-08-02 16:37:16,2025-08-02 17:05:00,1.0,4.6,1.0,N,186,151,1,28.2,3.25,0.5,6.6,0.0,1.0,39.55,2.5,0.0,0.75
957587,2,2025-08-12 11:39:27,2025-08-12 11:48:15,1.0,0.87,1.0,N,236,262,2,8.6,0.0,0.5,0.0,0.0,1.0,12.6,2.5,0.0,0.0
268787,2,2025-08-04 11:03:42,2025-08-04 11:16:32,1.0,1.7,1.0,N,107,230,1,13.5,0.0,0.5,3.65,0.0,1.0,21.9,2.5,0.0,0.75
1594215,2,2025-08-19 14:55:30,2025-08-19 15:22:26,1.0,3.92,1.0,N,170,125,1,26.8,0.0,0.5,6.31,0.0,1.0,37.86,2.5,0.0,0.75
3525511,1,2025-08-30 17:51:19,2025-08-30 18:01:52,,1.7,,,161,50,0,10.7,0.0,0.5,2.31,0.0,1.0,17.76,,,0.75
1747081,2,2025-08-21 00:26:31,2025-08-21 00:42:32,1.0,3.51,1.0,N,114,142,1,19.1,1.0,0.5,4.97,0.0,1.0,29.82,2.5,0.0,0.75
2302939,2,2025-08-27 15:23:52,2025-08-27 16:00:08,1.0,2.84,1.0,N,107,107,2,30.3,0.0,0.5,0.0,0.0,1.0,35.05,2.5,0.0,0.75
1604565,2,2025-08-19 15:58:54,2025-08-19 16:12:05,1.0,1.66,1.0,N,164,224,1,13.5,2.5,0.5,1.0,0.0,1.0,21.75,2.5,0.0,0.75
787927,2,2025-08-10 00:23:16,2025-08-10 00:45:12,1.0,2.36,1.0,N,68,141,1,18.4,1.0,0.5,4.0,0.0,1.0,28.15,2.5,0.0,0.75
1215760,2,2025-08-14 21:24:28,2025-08-14 21:34:33,1.0,2.12,1.0,N,163,263,1,12.8,1.0,0.5,1.0,0.0,1.0,19.55,2.5,0.0,0.75
2306959,2,2025-08-27 16:05:33,2025-08-27 16:14:26,1.0,1.26,1.0,N,237,161,1,10.0,2.5,0.5,3.45,0.0,1.0,20.7,2.5,0.0,0.75
1419249,1,2025-08-17 09:22:27,2025-08-17 09:48:36,1.0,3.6,99.0,N,62,91,1,23.5,0.0,0.5,0.0,0.0,0.0,24.0,0.0,0.0,0.0
914329,2,2025-08-11 18:47:34,2025-08-11 18:56:01,2.0,1.47,1.0,N,249,13,2,10.0,2.5,0.5,0.0,0.0,1.0,17.25,2.5,0.0,0.75
1270433,2,2025-08-15 14:02:44,2025-08-15 14:39:42,1.0,3.61,1.0,N,186,143,1,31.7,0.0,0.5,7.29,0.0,1.0,43.74,2.5,0.0,0.75
1858501,1,2025-08-22 11:17:43,2025-08-22 11:34:04,1.0,2.9,1.0,N,161,151,1,15.6,3.25,0.5,4.05,0.0,1.0,24.4,2.5,0.0,0.75
2947251,2,2025-08-09 12:13:50,2025-08-09 12:33:01,,2.94,,,237,249,0,19.89,0.0,0.5,0.0,0.0,1.0,24.64,,,0.75
3383347,2,2025-08-24 19:00:34,2025-08-24 19:17:19,,5.87,,,181,14,0,21.86,0.0,0.5,0.0,0.0,1.0,23.36,,,0.0
668293,2,2025-08-08 16:13:21,2025-08-08 16:17:19,3.0,0.7,1.0,N,13,12,2,5.8,2.5,0.5,0.0,0.0,1.0,13.05,2.5,0.0,0.75
317047,1,2025-08-04 20:43:00,2025-08-04 20:53:23,1.0,1.6,1.0,N,161,234,1,11.4,4.25,0.5,3.4,0.0,1.0,20.55,2.5,0.0,0.75
1609770,2,2025-08-19 17:08:11,2025-08-19 17:22:06,1.0,1.26,1.0,N,233,163,1,13.5,2.5,0.5,4.15,0.0,1.0,24.9,2.5,0.0,0.75
977592,2,2025-08-12 14:25:31,2025-08-12 14:46:31,4.0,2.78,1.0,N,239,233,1,20.5,0.0,0.5,5.05,0.0,1.0,30.3,2.5,0.0,0.75
2469257,2,2025-08-29 12:23:00,2025-08-29 12:32:00,1.0,0.98,1.0,N,161,163,4,-10.0,0.0,-0.5,0.0,0.0,-1.0,-14.75,-2.5,0.0,-0.75
3173907,2,2025-08-17 06:24:30,2025-08-17 06:37:31,,3.3,,,36,61,0,24.58,0.0,0.5,0.0,0.0,1.0,26.08,,,0.0
3093042,2,2025-08-14 22:23:46,2025-08-14 22:35:49,,3.1,,,166,244,0,14.51,0.0,0.5,0.0,0.0,1.0,16.01,,,0.0
1460717,2,2025-08-17 18:39:20,2025-08-17 19:02:51,1.0,1.49,1.0,N,249,148,1,19.8,0.0,0.5,2.0,0.0,1.0,26.55,2.5,0.0,0.75
3296515,2,2025-08-22 07:25:25,2025-08-22 07:41:19,,5.79,,,220,168,0,11.57,0.0,0.5,0.0,0.0,1.0,17.04,,,0.0
1661109,1,2025-08-20 10:28:06,2025-08-20 10:40:42,1.0,0.8,1.0,N,162,100,1,11.4,3.25,0.5,4.85,0.0,1.0,21.0,2.5,0.0,0.75
1118652,2,2025-08-13 20:34:37,2025-08-13 20:46:45,1.0,2.3,1.0,N,13,68,2,14.2,1.0,0.5,0.0,0.0,1.0,19.95,2.5,0.0,0.75
3038478,2,2025-08-12 23:52:16,2025-08-13 00:04:16,,2.43,,,113,232,0,11.2,0.0,0.5,0.0,0.0,1.0,15.95,,,0.75
613453,2,2025-08-07 22:49:09,2025-08-07 23:05:02,1.0,2.41,1.0,N,186,148,1,16.3,1.0,0.5,3.0,0.0,1.0,25.05,2.5,0.0,0.75
1631980,2,2025-08-19 20:19:21,2025-08-19 20:30:24,1.0,3.37,1.0,N,141,41,1,15.6,1.0,0.5,2.0,0.0,1.0,22.6,2.5,0.0,0.0
2686157,1,2025-08-31 23:07:12,2025-08-31 23:18:58,1.0,1.4,1.0,N,48,90,2,11.4,4.25,0.5,0.0,0.0,1.0,17.15,2.5,0.0,0.75
483951,2,2025-08-06 17:19:20,2025-08-06 17:27:12,1.0,0.8,1.0,N,163,141,1,8.6,2.5,0.5,0.0,0.0,1.0,15.85,2.5,0.0,0.75
85154,2,2025-08-01 23:30:02,2025-08-01 23:35:45,1.0,1.44,1.0,N,43,233,2,8.6,1.0,0.5,0.0,0.0,1.0,14.35,2.5,0.0,0.75
8872,2,2025-08-01 07:16:42,2025-08-01 07:30:13,6.0,2.18,1.0,N,140,161,1,14.9,0.0,0.5,3.93,0.0,1.0,23.58,2.5,0.0,0.75
1261364,2,2025-08-15 13:11:36,2025-08-15 13:14:49,1.0,0.21,1.0,N,90,90,1,5.1,0.0,0.5,2.0,0.0,1.0,11.85,2.5,0.0,0.75
951311,2,2025-08-12 09:43:38,2025-08-12 09:53:23,2.0,0.89,1.0,N,140,263,2,10.0,0.0,0.5,0.0,0.0,1.0,14.0,2.5,0.0,0.0
699839,2,2025-08-08 22:30:01,2025-08-08 22:36:06,1.0,1.26,1.0,N,186,249,1,8.6,1.0,0.5,2.87,0.0,1.0,17.22,2.5,0.0,0.75
2545711,2,2025-08-30 10:47:11,2025-08-30 10:51:26,4.0,0.61,1.0,N,230,43,1,5.8,0.0,0.5,0.0,0.0,1.0,10.55,2.5,0.0,0.75
2155180,2,2025-08-25 19:06:51,2025-08-25 19:19:58,1.0,1.54,1.0,N,162,48,1,12.8,2.5,0.5,0.0,0.0,1.0,20.05,2.5,0.0,0.75
596432,2,2025-08-07 19:51:53,2025-08-07 20:13:19,1.0,4.98,1.0,N,48,41,2,26.1,2.5,0.5,0.0,0.0,1.0,33.35,2.5,0.0,0.75
551406,2,2025-08-07 12:33:54,2025-08-07 12:38:44,1.0,0.35,1.0,N,161,161,1,5.8,0.0,0.5,2.11,0.0,1.0,12.66,2.5,0.0,0.75
1021031,2,2025-08-12 21:11:49,2025-08-12 21:45:57,1.0,4.6,1.0,N,236,249,1,32.4,1.0,0.5,9.54,0.0,1.0,47.69,2.5,0.0,0.75
2579164,1,2025-08-30 17:23:58,2025-08-30 17:45:26,2.0,8.3,1.0,N,68,243,1,35.9,3.25,0.5,10.15,0.0,1.0,50.8,2.5,0.0,0.75
1196988,2,2025-08-14 17:34:07,2025-08-14 18:12:10,2.0,6.93,1.0,N,261,262,1,39.4,2.5,0.5,9.33,0.0,1.0,55.98,2.5,0.0,0.75
2572916,2,2025-08-30 16:41:06,2025-08-30 16:46:30,1.0,0.75,1.0,N,236,237,2,7.2,0.0,0.5,0.0,0.0,1.0,11.2,2.5,0.0,0.0
3077414,2,2025-08-14 09:58:55,2025-08-14 10:14:37,,2.31,,,163,43,0,14.41,0.0,0.5,0.0,0.0,1.0,19.16,,,0.75
541310,2,2025-08-07 10:44:06,2025-08-07 11:02:20,1.0,2.03,1.0,N,161,113,1,17.0,0.0,0.5,4.35,0.0,1.0,26.1,2.5,0.0,0.75
1152716,1,2025-08-14 10:18:07,2025-08-14 10:24:37,2.0,1.1,1.0,N,230,246,1,8.6,3.25,0.5,5.0,0.0,1.0,18.35,2.5,0.0,0.75
21847,2,2025-08-01 11:40:28,2025-08-01 11:43:34,4.0,0.86,1.0,N,151,238,1,5.8,0.0,0.5,1.96,0.0,1.0,11.76,2.5,0.0,0.0
2889677,2,2025-08-07 15:41:39,2025-08-07 16:01:12,,2.27,,,163,249,0,22.73,0.0,0.5,0.0,0.0,1.0,27.48,,,0.75
2147433,2,2025-08-25 18:05:48,2025-08-25 18:05:56,1.0,0.01,2.0,N,161,161,2,70.0,5.0,0.5,0.0,0.0,1.0,79.75,2.5,0.0,0.75
2794319,2,2025-08-03 19:10:59,2025-08-03 19:29:07,,2.53,,,225,80,0,16.41,0.0,0.5,0.0,0.0,1.0,17.91,,,0.0
26880,2,2025-08-01 12:42:06,2025-08-01 12:55:16,1.0,2.29,1.0,N,161,239,1,14.2,0.0,0.5,2.05,0.0,1.0,21.0,2.5,0.0,0.75
2430189,2,2025-08-28 21:11:14,2025-08-28 21:21:32,1.0,1.07,1.0,N,161,230,2,9.3,1.0,0.5,0.0,0.0,1.0,15.05,2.5,0.0,0.75
3189765,1,2025-08-17 18:06:10,2025-08-17 18:19:03,,2.1,,,236,143,0,13.5,0.0,0.5,3.5,0.0,1.0,21.0,,,0.0
2733441,2,2025-08-02 06:40:06,2025-08-02 07:00:06,,4.14,,,76,85,0,22.36,0.0,0.5,0.0,0.0,1.0,23.86,,,0.0
3440915,2,2025-08-27 14:43:58,2025-08-27 15:01:39,,2.11,,,263,163,0,16.56,0.0,0.5,0.0,0.0,1.0,21.31,,,0.75
3334444,2,2025-08-23 13:34:42,2025-08-23 14:22:12,,19.46,,,35,126,0,22.45,0.0,0.5,0.0,6.94,1.0,30.89,,,0.0
1411807,2,2025-08-17 02:44:18,2025-08-17 03:04:35,2.0,11.21,1.0,N,132,173,2,44.3,1.0,0.5,0.0,0.0,1.0,48.55,0.0,1.75,0.0
3360675,2,2025-08-24 01:38:25,2025-08-24 01:49:47,,2.37,,,36,255,0,1.29,0.0,0.5,0.0,0.0,1.0,2.79,,,0.0
3297612,2,2025-08-22 08:48:54,2025-08-22 09:00:13,,1.55,,,79,249,0,-1.56,0.0,0.5,0.0,0.0,1.0,4.19,,,0.75
346872,2,2025-08-05 09:57:46,2025-08-05 10:20:04,1.0,7.45,1.0,N,132,38,1,32.4,0.0,0.5,2.0,0.0,1.0,37.65,0.0,1.75,0.0
927837,1,2025-08-11 21:46:14,2025-08-11 21:58:30,1.0,1.4,1.0,N,161,68,1,12.1,4.25,0.5,3.55,0.0,1.0,21.4,2.5,0.0,0.75
1625936,2,2025-08-19 19:34:53,2025-08-19 19:40:51,2.0,1.09,1.0,N,186,249,2,7.9,2.5,0.5,0.0,0.0,1.0,17.65,2.5,0.0,0.75
306307,2,2025-08-04 18:40:50,2025-08-04 18:51:10,1.0,2.46,1.0,N,13,246,1,14.2,2.5,0.5,3.22,0.0,1.0,24.67,2.5,0.0,0.75
2863387,2,2025-08-06 17:05:53,2025-08-06 17:11:30,,0.0,,,162,141,0,5.85,0.0,0.5,0.0,0.0,1.0,10.6,,,0.75
926343,2,2025-08-11 20:56:26,2025-08-11 21:11:48,2.0,1.45,1.0,N,161,186,1,14.2,1.0,0.5,2.0,0.0,1.0,21.95,2.5,0.0,0.75
1534252,2,2025-08-18 17:44:45,2025-08-18 17:54:21,2.0,1.23,1.0,N,68,158,1,10.7,2.5,0.5,3.59,0.0,1.0,21.54,2.5,0.0,0.75
349921,2,2025-08-05 10:25:37,2025-08-05 10:30:00,1.0,0.76,1.0,N,236,237,2,6.5,0.0,0.5,0.0,0.0,1.0,10.5,2.5,0.0,0.0
505474,1,2025-08-06 20:19:49,2025-08-06 20:31:54,1.0,6.3,1.0,N,70,112,1,24.7,7.75,0.5,10.2,0.0,1.0,44.15,0.0,1.75,0.0
500020,2,2025-08-06 19:09:19,2025-08-06 19:20:11,2.0,1.74,1.0,N,113,231,1,12.1,2.5,0.5,3.87,0.0,1.0,23.22,2.5,0.0,0.75
2819574,2,2025-08-04 20:46:23,2025-08-04 21:04:49,,6.3,,,129,41,0,-8.44,0.0,0.5,0.0,6.94,1.0,4.5,,,0.0
3168587,1,2025-08-17 02:42:15,2025-08-17 03:05:49,,8.6,,,256,85,0,26.12,0.0,0.5,0.0,0.0,1.0,27.62,,,0.0
2295012,2,2025-08-27 14:52:44,2025-08-27 14:59:35,2.0,1.22,1.0,N,143,238,1,8.6,0.0,0.5,3.15,0.0,1.0,15.75,2.5,0.0,0.0
834833,1,2025-08-10 18:08:20,2025-08-10 18:23:49,2.0,2.0,1.0,N,50,234,1,13.5,3.25,0.5,4.55,0.0,1.0,22.8,2.5,0.0,0.75
3378110,2,2025-08-24 16:17:11,2025-08-24 16:48:42,,10.04,,,129,244,0,34.1,0.0,0.5,0.0,6.94,1.0,42.54,,,0.0
1155449,2,2025-08-14 10:13:47,2025-08-14 10:36:07,1.0,4.27,1.0,N,42,140,1,25.4,0.0,0.5,8.0,0.0,1.0,37.4,2.5,0.0,0.0
956634,1,2025-08-12 10:01:15,2025-08-12 10:24:03,1.0,7.9,99.0,N,167,53,1,32.5,0.0,0.5,0.0,6.94,0.0,39.94,0.0,0.0,0.0
2363652,1,2025-08-28 09:31:12,2025-08-28 09:48:07,1.0,1.2,1.0,N,249,234,1,14.9,3.25,0.5,3.0,0.0,1.0,22.65,2.5,0.0,0.75
2255985,2,2025-08-26 23:07:30,2025-08-26 23:17:26,1.0,2.44,1.0,N,246,239,1,13.5,1.0,0.5,3.85,0.0,1.0,23.1,2.5,0.0,0.75
276225,2,2025-08-04 12:59:08,2025-08-04 13:05:18,1.0,0.83,1.0,N,161,162,1,7.9,0.0,0.5,1.0,0.0,1.0,13.65,2.5,0.0,0.75
1057565,2,2025-08-13 12:12:43,2025-08-13 12:18:32,2.0,0.75,1.0,N,143,239,1,7.2,0.0,0.5,2.24,0.0,1.0,13.44,2.5,0.0,0.0
1473266,2,2025-08-17 21:09:35,2025-08-17 21:19:11,1.0,1.42,1.0,N,163,142,1,10.7,1.0,0.5,4.93,0.0,1.0,21.38,2.5,0.0,0.75
1097799,2,2025-08-13 18:17:00,2025-08-13 18:41:30,1.0,2.49,1.0,N,143,68,1,21.9,2.5,0.5,5.83,0.0,1.0,34.98,2.5,0.0,0.75
1168640,1,2025-08-14 13:28:45,2025-08-14 13:43:47,2.0,2.1,1.0,N,211,137,1,14.9,3.25,0.5,3.9,0.0,1.0,23.55,2.5,0.0,0.75
1970136,2,2025-08-23 15:03:54,2025-08-23 15:14:25,1.0,2.07,1.0,N,142,75,1,12.8,0.0,0.5,1.68,0.0,1.0,18.48,2.5,0.0,0.0
2778628,2,2025-08-03 08:09:21,2025-08-03 08:33:43,,7.01,,,232,239,0,30.72,0.0,0.5,0.0,0.0,1.0,35.47,,,0.75
3374621,2,2025-08-24 13:43:45,2025-08-24 14:04:58,,3.22,,,170,43,0,17.61,0.0,0.5,0.0,0.0,1.0,22.36,,,0.75
3422020,2,2025-08-26 16:35:36,2025-08-26 16:57:58,,0.0,,,244,238,0,20.8,0.0,0.5,0.0,0.0,1.0,24.8,,,0.0
1095000,2,2025-08-13 17:01:31,2025-08-13 17:13:36,1.0,1.36,1.0,N,164,229,2,12.1,2.5,0.5,0.0,0.0,1.0,19.35,2.5,0.0,0.75
2040895,2,2025-08-24 12:40:39,2025-08-24 12:54:59,5.0,1.6,1.0,N,137,100,1,14.2,0.0,0.5,2.0,0.0,1.0,20.95,2.5,0.0,0.75
2722473,2,2025-08-01 23:56:12,2025-08-02 00:10:32,,6.42,,,88,141,0,23.57,0.0,0.5,0.0,0.0,1.0,28.32,,,0.75
571680,2,2025-08-07 15:41:16,2025-08-07 16:42:34,1.0,18.87,2.0,N,132,237,1,70.0,0.0,0.5,10.0,6.94,1.0,92.69,2.5,1.75,0.0
1417188,1,2025-08-17 08:07:33,2025-08-17 08:15:53,1.0,1.0,1.0,N,162,170,1,8.6,3.25,0.5,0.0,0.0,1.0,13.35,2.5,0.0,0.75
1648678,2,2025-08-20 07:20:52,2025-08-20 07:26:34,1.0,1.03,1.0,N,186,137,1,7.9,0.0,0.5,1.0,0.0,1.0,13.65,2.5,0.0,0.75
348101,2,2025-08-05 10:02:46,2025-08-05 10:12:52,1.0,1.46,1.0,N,50,238,1,11.4,0.0,0.5,1.0,0.0,1.0,17.15,2.5,0.0,0.75
60101,2,2025-08-01 18:41:55,2025-08-01 19:02:06,1.0,2.43,1.0,N,43,137,2,19.8,2.5,0.5,0.0,0.0,1.0,27.05,2.5,0.0,0.75
2548825,1,2025-08-30 11:35:56,2025-08-30 11:43:48,2.0,0.9,1.0,N,144,148,1,8.6,3.25,0.5,1.0,0.0,1.0,14.35,2.5,0.0,0.75
1695978,2,2025-08-20 16:06:41,2025-08-20 16:28:00,1.0,1.75,1.0,N,143,100,1,19.1,2.5,0.5,5.27,0.0,1.0,31.62,2.5,0.0,0.75
2230850,2,2025-08-26 18:29:29,2025-08-26 18:42:34,1.0,1.96,1.0,N,236,161,1,14.2,2.5,0.5,4.29,0.0,1.0,25.74,2.5,0.0,0.75
949304,2,2025-08-12 09:01:38,2025-08-12 09:09:28,1.0,0.96,1.0,N,229,161,2,9.3,0.0,0.5,0.0,0.0,1.0,14.05,2.5,0.0,0.75
3024292,2,2025-08-12 10:43:37,2025-08-12 10:48:30,,0.81,,,263,262,0,-4.0,0.0,0.5,0.0,0.0,1.0,3.0,,,0.0
1921446,2,2025-08-22 23:53:34,2025-08-23 00:27:33,1.0,18.96,2.0,N,132,249,1,70.0,0.0,0.5,16.34,6.94,1.0,99.78,2.5,1.75,0.75
1872821,2,2025-08-22 14:01:36,2025-08-22 14:21:54,1.0,7.74,1.0,N,132,76,1,31.7,0.0,0.5,6.64,0.0,1.0,41.59,0.0,1.75,0.0
470233,1,2025-08-06 15:38:17,2025-08-06 15:57:49,1.0,1.3,1.0,N,163,68,2,16.3,3.25,0.5,0.0,0.0,1.0,21.05,2.5,0.0,0.75
3064884,2,2025-08-13 21:19:55,2025-08-13 21:31:17,,1.22,,,161,48,0,13.27,0.0,0.5,0.0,0.0,1.0,18.02,,,0.75
714662,2,2025-08-09 03:20:26,2025-08-09 03:24:09,2.0,0.45,1.0,N,79,79,1,5.1,1.0,0.5,1.0,0.0,1.0,11.85,2.5,0.0,0.75
2394928,2,2025-08-28 15:11:09,2025-08-28 15:40:02,1.0,3.95,1.0,N,239,234,1,26.8,0.0,0.5,0.0,0.0,1.0,31.55,2.5,0.0,0.75
3285937,2,2025-08-21 20:52:15,2025-08-21 21:15:30,,7.9,,,236,231,0,-1.62,0.0,0.5,0.0,0.0,1.0,3.13,,,0.75
1820118,2,2025-08-21 20:02:04,2025-08-21 20:08:58,1.0,2.58,1.0,N,141,233,2,12.8,1.0,0.5,0.0,0.0,1.0,18.55,2.5,0.0,0.75
2669144,1,2025-08-31 19:27:56,2025-08-31 19:33:38,1.0,0.8,1.0,N,148,148,1,6.5,3.25,0.5,2.25,0.0,1.0,13.5,2.5,0.0,0.75
1876073,2,2025-08-22 14:40:07,2025-08-22 15:00:35,1.0,2.6,1.0,N,113,163,2,19.1,0.0,0.5,0.0,0.0,1.0,23.85,2.5,0.0,0.75
2076157,2,2025-08-24 19:17:31,2025-08-24 19:25:15,2.0,1.57,1.0,N,163,50,2,10.0,0.0,0.5,0.0,0.0,1.0,14.75,2.5,0.0,0.75
3299741,2,2025-08-22 11:38:47,2025-08-22 12:07:41,,9.3,,,164,192,0,-5.89,0.0,0.5,0.0,0.0,1.0,-1.14,,,0.75
3066914,2,2025-08-13 21:31:28,2025-08-13 21:42:07,,1.35,,,249,48,0,11.7,0.0,0.5,0.0,0.0,1.0,16.45,,,0.75
3354699,2,2025-08-23 23:44:12,2025-08-24 00:14:38,,4.88,,,164,75,0,-5.86,0.0,0.5,0.0,0.0,1.0,0.89,,,0.75
372646,2,2025-08-05 14:10:10,2025-08-05 14:15:26,1.0,0.58,1.0,N,137,170,1,6.5,0.0,0.5,2.25,0.0,1.0,13.5,2.5,0.0,0.75
1904875,2,2025-08-22 19:14:58,2025-08-22 19:22:40,1.0,0.88,1.0,N,161,237,1,8.6,2.5,0.5,3.17,0.0,1.0,19.02,2.5,0.0,0.75
292846,2,2025-08-04 15:38:15,2025-08-04 15:45:16,4.0,1.23,1.0,N,100,163,2,8.6,0.0,0.5,0.0,0.0,1.0,13.35,2.5,0.0,0.75
1967194,2,2025-08-23 15:08:33,2025-08-23 15:18:44,1.0,2.18,1.0,N,142,236,1,12.8,0.0,0.5,3.36,0.0,1.0,20.16,2.5,0.0,0.0
2361584,1,2025-08-28 08:32:58,2025-08-28 09:11:39,1.0,9.4,1.0,N,138,161,1,44.3,10.0,0.5,12.5,6.94,1.0,75.24,2.5,1.75,0.75
2937501,2,2025-08-09 02:14:02,2025-08-09 02:27:40,,2.13,,,125,164,0,14.07,0.0,0.5,0.0,0.0,1.0,18.82,,,0.75
1901855,2,2025-08-22 19:50:05,2025-08-22 19:54:27,1.0,0.91,1.0,N,229,161,1,6.5,2.5,0.5,0.0,0.0,1.0,13.75,2.5,0.0,0.75
977433,7,2025-08-12 14:05:32,2025-08-12 14:05:32,1.0,7.92,1.0,N,13,237,1,37.3,0.0,0.5,8.26,0.0,1.0,49.56,2.5,0.0,0.0
1988666,1,2025-08-23 18:27:17,2025-08-23 19:16:39,2.0,3.8,1.0,N,239,164,1,39.4,3.25,0.5,0.0,0.0,1.0,44.15,2.5,0.0,0.75
1037300,2,2025-08-13 07:36:09,2025-08-13 07:41:11,1.0,0.68,1.0,N,230,48,2,6.5,0.0,0.5,0.0,0.0,1.0,11.25,2.5,0.0,0.75
208112,2,2025-08-03 14:26:45,2025-08-03 14:36:11,1.0,1.28,1.0,N,142,100,1,10.0,0.0,0.5,0.0,0.0,1.0,14.75,2.5,0.0,0.75
3117673,2,2025-08-15 19:48:27,2025-08-15 20:03:39,,0.39,,,79,68,0,14.07,0.0,0.5,0.0,0.0,1.0,18.82,,,0.75
26359,1,2025-08-01 12:52:02,2025-08-01 13:07:40,1.0,1.4,1.0,N,264,264,2,14.9,3.25,0.5,0.0,0.0,1.0,19.65,2.5,0.0,0.75
2858877,2,2025-08-06 12:54:57,2025-08-06 13:12:33,,1.81,,,237,170,0,-4.75,0.0,0.5,0.0,0.0,1.0,4.92,,,0.75
1525328,2,2025-08-18 16:06:47,2025-08-18 16:19:12,1.0,1.99,1.0,N,164,125,1,12.8,2.5,0.5,2.0,0.0,1.0,22.05,2.5,0.0,0.75
318841,2,2025-08-04 20:16:27,2025-08-04 20:40:39,1.0,9.9,1.0,N,138,238,2,41.5,7.5,0.5,0.0,6.94,1.0,61.69,2.5,1.75,0.0
417309,2,2025-08-05 22:47:40,2025-08-05 22:57:43,5.0,2.29,1.0,N,170,237,1,13.5,1.0,0.5,3.85,0.0,1.0,23.1,2.5,0.0,0.75
2300853,2,2025-08-27 15:16:49,2025-08-27 15:40:33,1.0,3.96,1.0,N,161,75,1,24.7,0.0,0.5,8.84,0.0,1.0,38.29,2.5,0.0,0.75
2078799,2,2025-08-24 19:45:55,2025-08-24 19:56:51,1.0,0.86,1.0,N,48,186,1,10.7,0.0,0.5,3.09,0.0,1.0,18.54,2.5,0.0,0.75
2768132,2,2025-08-03 00:15:24,2025-08-03 00:24:09,,1.64,,,79,90,0,11.49,0.0,0.5,0.0,0.0,1.0,16.24,,,0.75
657477,2,2025-08-08 14:32:45,2025-08-08 14:57:33,2.0,3.2,1.0,N,141,43,3,-16.3,0.0,-0.5,0.0,0.0,-1.0,-21.05,-2.5,0.0,-0.75
1656441,1,2025-08-20 09:24:53,2025-08-20 10:09:05,1.0,11.6,1.0,N,138,132,2,54.1,6.75,0.5,0.0,0.0,1.0,62.35,0.0,1.75,0.0
3235807,2,2025-08-19 21:43:30,2025-08-19 21:52:58,,2.58,,,162,239,0,1.7,0.0,0.5,0.0,0.0,1.0,11.06,,,0.75
3258840,2,2025-08-20 19:49:36,2025-08-20 19:56:54,,0.0,,,158,114,0,13.58,0.0,0.5,0.0,0.0,1.0,18.33,,,0.75
3433184,2,2025-08-27 06:32:53,2025-08-27 06:56:45,,9.49,,,233,96,0,32.0,0.0,0.5,0.0,6.94,1.0,43.69,,,0.75
493008,2,2025-08-06 18:34:18,2025-08-06 18:47:11,1.0,1.18,1.0,N,237,162,1,12.8,2.5,0.5,4.01,0.0,1.0,24.06,2.5,0.0,0.75
1841333,2,2025-08-22 01:29:39,2025-08-22 01:53:52,1.0,6.71,1.0,N,249,223,1,30.3,1.0,0.5,7.21,0.0,1.0,43.26,2.5,0.0,0.75
605087,2,2025-08-07 21:24:06,2025-08-07 21:57:01,1.0,9.92,1.0,N,138,243,1,45.7,6.0,0.5,1.0,6.94,1.0,62.89,0.0,1.75,0.0
986349,2,2025-08-12 16:19:59,2025-08-12 16:34:39,1.0,1.16,1.0,N,137,170,1,13.5,0.0,0.5,3.65,0.0,1.0,21.9,2.5,0.0,0.75
2442118,1,2025-08-29 00:29:55,2025-08-29 00:36:22,1.0,1.1,1.0,N,164,249,1,7.9,4.25,0.5,2.75,0.0,1.0,16.4,2.5,0.0,0.75
2221621,1,2025-08-26 16:55:55,2025-08-26 17:10:33,0.0,1.3,1.0,N,161,186,2,13.5,5.75,0.5,0.0,0.0,1.0,20.75,2.5,0.0,0.75
1203973,2,2025-08-14 18:13:32,2025-08-14 18:44:53,1.0,9.36,5.0,N,70,239,1,65.0,5.0,0.0,16.09,6.94,1.0,98.28,2.5,1.75,0.0
1510148,1,2025-08-18 13:03:14,2025-08-18 13:12:35,1.0,1.1,1.0,N,43,162,1,9.3,3.25,0.5,2.8,0.0,1.0,16.85,2.5,0.0,0.75
1600014,2,2025-08-19 15:51:49,2025-08-19 15:55:13,1.0,0.55,1.0,N,143,142,2,5.8,0.0,0.5,0.0,0.0,1.0,9.8,2.5,0.0,0.0
2412800,2,2025-08-28 18:53:26,2025-08-28 19:12:51,1.0,6.19,1.0,N,263,114,1,28.9,2.5,0.5,7.23,0.0,1.0,43.38,2.5,0.0,0.75
2646062,2,2025-08-31 14:10:45,2025-08-31 14:24:16,1.0,0.6,1.0,N,186,48,1,12.1,0.0,0.5,3.37,0.0,1.0,20.22,2.5,0.0,0.75
2444143,2,2025-08-29 01:33:12,2025-08-29 01:39:32,3.0,1.45,1.0,N,141,236,1,9.3,1.0,0.5,2.0,0.0,1.0,16.3,2.5,0.0,0.0
3284130,2,2025-08-21 18:30:53,2025-08-21 18:48:44,,0.0,,,170,88,0,5.4,0.0,0.5,0.0,0.0,1.0,13.85,,,0.75
2939468,2,2025-08-09 03:53:52,2025-08-09 04:13:08,,5.87,,,80,33,0,-1.5,0.0,0.5,0.0,0.0,1.0,6.98,,,0.0
601766,2,2025-08-07 20:48:50,2025-08-07 21:09:52,1.0,2.57,1.0,N,164,142,1,19.8,1.0,0.5,2.5,0.0,1.0,28.05,2.5,0.0,0.75
3252420,2,2025-08-20 17:53:26,2025-08-20 18:14:13,,2.13,,,143,161,0,-0.28,0.0,0.5,0.0,0.0,1.0,4.47,,,0.75
2551029,2,2025-08-30 11:59:09,2025-08-30 12:04:07,1.0,0.95,1.0,N,90,186,1,7.2,0.0,0.5,2.39,0.0,1.0,14.34,2.5,0.0,0.75
3271943,2,2025-08-21 06:40:27,2025-08-21 07:32:18,,18.86,,,249,132,0,79.19,0.0,0.5,2.0,0.0,1.0,85.94,,,0.75
281751,2,2025-08-04 13:33:24,2025-08-04 13:39:07,1.0,0.63,1.0,N,162,233,1,7.2,0.0,0.5,1.0,0.0,1.0,12.95,2.5,0.0,0.75
2374770,2,2025-08-28 11:45:22,2025-08-28 11:58:51,1.0,0.99,1.0,N,186,164,1,12.8,0.0,0.5,3.51,0.0,1.0,21.06,2.5,0.0,0.75
2999232,2,2025-08-11 00:46:36,2025-08-11 00:55:14,,1.39,,,63,63,0,7.1,0.0,0.5,0.0,0.0,1.0,8.6,,,0.0
3550280,2,2025-08-31 10:13:30,2025-08-31 10:23:33,,1.62,,,210,149,0,-1.5,0.0,0.5,0.0,0.0,1.0,3.0,,,0.0
1064682,2,2025-08-13 13:12:18,2025-08-13 13:28:24,1.0,2.18,1.0,N,238,163,1,16.3,0.0,0.5,4.21,0.0,1.0,25.26,2.5,0.0,0.75
3186477,2,2025-08-17 16:40:11,2025-08-17 17:01:52,,4.26,,,88,52,0,-11.69,0.0,0.5,0.0,6.94,1.0,4.9,,,0.75
2261909,2,2025-08-27 04:51:34,2025-08-27 05:10:32,4.0,9.79,1.0,N,164,138,1,38.7,6.0,0.5,11.28,6.94,1.0,67.67,2.5,0.0,0.75
1390469,2,2025-08-16 21:27:55,2025-08-16 21:54:09,1.0,9.09,1.0,N,113,223,1,39.4,1.0,0.5,10.42,6.94,1.0,62.51,2.5,0.0,0.75
2599149,1,2025-08-30 21:02:58,2025-08-30 21:43:24,1.0,17.2,2.0,N,132,161,2,70.0,5.0,0.5,0.0,6.94,1.0,83.44,2.5,1.75,0.75
1408470,2,2025-08-17 01:31:55,2025-08-17 01:49:53,3.0,3.17,1.0,N,161,114,1,19.1,1.0,0.5,1.24,0.0,1.0,26.09,2.5,0.0,0.75
2650183,2,2025-08-31 15:29:59,2025-08-31 15:42:50,2.0,1.4,1.0,N,87,231,1,12.8,0.0,0.5,3.51,0.0,1.0,21.06,2.5,0.0,0.75
1605591,1,2025-08-19 16:21:31,2025-08-19 16:48:58,1.0,4.4,1.0,N,230,74,1,24.7,5.75,0.5,6.4,0.0,1.0,38.35,2.5,0.0,0.75
3326592,2,2025-08-23 05:46:24,2025-08-23 06:11:31,,6.19,,,36,124,0,6.44,0.0,0.5,0.0,0.0,1.0,7.94,,,0.0
1203627,2,2025-08-14 18:39:43,2025-08-14 18:48:19,1.0,1.45,1.0,N,107,246,1,10.0,2.5,0.5,3.45,0.0,1.0,20.7,2.5,0.0,0.75
1414519,2,2025-08-17 05:05:53,2025-08-17 05:08:17,1.0,0.36,1.0,N,141,236,1,4.4,1.0,0.5,2.82,0.0,1.0,12.22,2.5,0.0,0.0
250417,2,2025-08-04 01:39:24,2025-08-04 01:46:15,1.0,0.62,1.0,N,230,186,2,7.9,1.0,0.5,0.0,0.0,1.0,13.65,2.5,0.0,0.75
1698967,1,2025-08-20 16:49:15,2025-08-20 16:56:47,1.0,1.3,1.0,N,239,24,1,10.0,5.0,0.5,3.0,0.0,1.0,19.5,2.5,0.0,0.0
274514,2,2025-08-04 12:21:12,2025-08-04 12:35:22,1.0,3.79,1.0,N,263,170,2,19.1,0.0,0.5,0.0,0.0,1.0,23.85,2.5,0.0,0.75
1701945,2,2025-08-20 16:42:55,2025-08-20 16:58:05,1.0,1.36,1.0,N,236,141,2,14.2,2.5,0.5,0.0,0.0,1.0,20.7,2.5,0.0,0.0
2192646,1,2025-08-26 11:25:12,2025-08-26 11:29:30,1.0,0.6,1.0,N,263,262,1,6.5,2.5,0.5,2.1,0.0,1.0,12.6,2.5,0.0,0.0
489401,2,2025-08-06 18:33:34,2025-08-06 18:47:13,3.0,0.77,1.0,N,163,230,1,12.8,2.5,0.5,4.01,0.0,1.0,24.06,2.5,0.0,0.75
2137843,1,2025-08-25 16:18:23,2025-08-25 16:22:29,1.0,0.4,1.0,N,166,24,1,5.8,2.5,0.5,2.0,0.0,1.0,11.8,0.0,0.0,0.0
2492705,1,2025-08-29 17:08:40,2025-08-29 17:40:26,0.0,3.1,1.0,N,144,100,1,27.5,5.75,0.5,6.95,0.0,1.0,41.7,2.5,0.0,0.75
2519633,2,2025-08-29 22:48:38,2025-08-29 23:14:43,1.0,3.46,1.0,N,230,148,1,24.0,1.0,0.5,4.0,0.0,1.0,33.75,2.5,0.0,0.75
2949757,2,2025-08-09 13:58:05,2025-08-09 14:16:08,,0.0,,,226,145,0,14.49,0.0,0.5,0.0,0.0,1.0,15.99,,,0.0
758126,2,2025-08-09 18:21:40,2025-08-09 18:52:32,2.0,10.17,1.0,N,138,244,1,44.3,5.0,0.5,11.55,6.94,1.0,71.04,0.0,1.75,0.0
1746799,2,2025-08-21 00:27:18,2025-08-21 00:30:04,1.0,1.05,1.0,N,50,143,4,-6.5,-1.0,-0.5,0.0,0.0,-1.0,-12.25,-2.5,0.0,-0.75
711367,1,2025-08-09 02:49:02,2025-08-09 03:21:24,3.0,6.3,1.0,N,79,151,1,34.5,4.25,0.5,3.0,0.0,1.0,43.25,2.5,0.0,0.75
472459,2,2025-08-06 15:38:57,2025-08-06 16:12:38,2.0,11.07,1.0,N,43,138,1,47.1,5.0,0.5,9.46,6.94,1.0,72.5,2.5,0.0,0.0
3143398,2,2025-08-16 14:04:15,2025-08-16 14:33:05,,4.15,,,170,239,0,28.07,0.0,0.5,5.91,0.0,1.0,38.73,,,0.75
426853,1,2025-08-06 04:37:27,2025-08-06 04:45:06,1.0,1.3,1.0,N,68,79,2,8.6,4.25,0.5,0.0,0.0,1.0,14.35,2.5,0.0,0.75
1298621,7,2025-08-15 19:37:16,2025-08-15 19:37:16,3.0,1.17,1.0,N,142,230,1,10.0,0.0,0.5,4.31,0.0,1.0,21.56,2.5,0.0,0.75
2659085,2,2025-08-31 17:32:29,2025-08-31 17:46:20,3.0,2.95,1.0,N,236,161,2,16.3,0.0,0.5,0.0,0.0,1.0,21.05,2.5,0.0,0.75
3350145,2,2025-08-23 21:48:51,2025-08-23 22:00:49,,3.36,,,33,80,0,0.28,0.0,0.5,0.0,0.0,1.0,1.78,,,0.0
1254017,2,2025-08-15 11:21:27,2025-08-15 11:48:55,1.0,3.66,1.0,N,234,262,1,26.1,0.0,0.5,7.71,0.0,1.0,38.56,2.5,0.0,0.75
1409704,2,2025-08-17 01:07:04,2025-08-17 01:07:08,1.0,0.0,1.0,N,37,37,1,3.0,1.0,0.5,2.0,0.0,1.0,7.5,0.0,0.0,0.0
32509,2,2025-08-01 13:46:10,2025-08-01 13:56:01,1.0,1.12,1.0,N,237,230,1,10.0,0.0,0.5,0.0,0.0,1.0,14.75,2.5,0.0,0.75
2885019,2,2025-08-07 10:19:20,2025-08-07 10:50:42,,8.01,,,33,237,0,43.3,0.0,0.5,18.92,0.0,1.0,66.22,,,0.0
844077,2,2025-08-10 20:15:17,2025-08-10 20:19:44,2.0,0.91,1.0,N,236,237,1,7.2,0.0,0.5,2.0,0.0,1.0,13.2,2.5,0.0,0.0
2378422,2,2025-08-28 12:06:02,2025-08-28 12:35:14,1.0,2.34,1.0,N,162,50,4,24.7,0.0,0.5,0.0,0.0,1.0,29.45,2.5,0.0,0.75
2460783,2,2025-08-29 10:57:29,2025-08-29 11:07:08,3.0,0.93,1.0,N,100,162,2,9.3,0.0,0.5,0.0,0.0,1.0,14.05,2.5,0.0,0.75
1381770,2,2025-08-16 19:46:13,2025-08-16 19:54:27,3.0,1.46,1.0,N,238,142,1,10.7,0.0,0.5,2.25,0.0,1.0,16.95,2.5,0.0,0.0
2409511,2,2025-08-28 17:11:41,2025-08-28 17:17:38,1.0,1.4,1.0,N,236,74,1,7.9,2.5,0.5,1.0,0.0,1.0,15.4,2.5,0.0,0.0
947351,2,2025-08-12 08:28:16,2025-08-12 08:34:27,1.0,0.86,1.0,N,90,90,1,7.2,0.0,0.5,5.0,0.0,1.0,16.95,2.5,0.0,0.75
2981914,2,2025-08-10 12:27:21,2025-08-10 12:58:36,,6.91,,,213,127,0,28.88,0.0,0.5,0.0,0.0,1.0,30.38,,,0.0
1037837,2,2025-08-13 08:09:52,2025-08-13 08:18:13,1.0,1.75,1.0,N,151,142,1,10.7,0.0,0.5,2.94,0.0,1.0,17.64,2.5,0.0,0.0
3567835,2,2025-08-31 21:11:55,2025-08-31 21:22:32,,1.82,,,249,209,0,-4.75,0.0,0.5,0.0,0.0,1.0,2.38,,,0.75
3211662,2,2025-08-18 16:48:39,2025-08-18 17:24:38,,0.0,,,48,37,0,-3.88,0.0,0.5,0.0,6.94,1.0,7.81,,,0.75
2050731,2,2025-08-24 14:33:23,2025-08-24 15:26:05,2.0,17.81,2.0,N,132,230,1,70.0,0.0,0.5,11.56,6.94,1.0,95.0,2.5,1.75,0.75
424137,2,2025-08-06 00:08:20,2025-08-06 00:14:44,1.0,1.72,1.0,N,48,239,2,10.0,1.0,0.5,0.0,0.0,1.0,15.75,2.5,0.0,0.75
2229935,2,2025-08-26 18:12:05,2025-08-26 18:20:42,6.0,1.16,1.0,N,151,238,2,9.3,2.5,0.5,0.0,0.0,1.0,15.8,2.5,0.0,0.0
2722175,2,2025-08-01 23:23:56,2025-08-01 23:38:29,,2.27,,,48,114,0,21.57,0.0,0.5,0.0,0.0,1.0,26.32,,,0.75
2792371,2,2025-08-03 18:18:00,2025-08-03 18:31:00,,2.43,,,79,68,0,-4.75,0.0,0.5,0.0,0.0,1.0,2.49,,,0.75
1958024,2,2025-08-23 13:38:36,2025-08-23 13:49:15,2.0,0.93,1.0,N,170,161,1,11.4,0.0,0.5,5.0,0.0,1.0,21.15,2.5,0.0,0.75
2687022,2,2025-08-31 23:30:15,2025-08-31 23:48:28,1.0,3.54,1.0,N,114,181,1,19.8,1.0,0.5,6.39,0.0,1.0,31.94,2.5,0.0,0.75
898834,2,2025-08-11 15:30:41,2025-08-11 15:37:32,1.0,2.06,1.0,N,140,233,1,11.4,0.0,0.5,3.0,0.0,1.0,18.4,2.5,0.0,0.0
105841,7,2025-08-02 09:13:54,2025-08-02 09:13:54,1.0,2.55,1.0,N,234,229,1,14.2,0.0,0.5,1.0,0.0,1.0,19.95,2.5,0.0,0.75
2563538,2,2025-08-30 14:04:00,2025-08-30 14:17:22,1.0,2.19,1.0,N,100,211,1,14.2,0.0,0.5,3.79,0.0,1.0,22.74,2.5,0.0,0.75
3142143,2,2025-08-16 13:08:52,2025-08-16 13:29:24,,8.63,,,28,226,0,28.06,0.0,0.5,0.0,0.0,1.0,29.56,,,0.0
1154426,2,2025-08-14 10:29:13,2025-08-14 10:35:55,1.0,0.71,1.0,N,246,68,1,7.9,0.0,0.5,1.5,0.0,1.0,14.15,2.5,0.0,0.75
3230450,2,2025-08-19 17:49:13,2025-08-19 18:08:52,,0.0,,,79,75,0,-1.33,0.0,0.5,0.0,0.0,1.0,3.42,,,0.75
1106644,2,2025-08-13 19:03:45,2025-08-13 20:12:38,1.0,18.89,1.0,N,132,247,2,84.2,2.5,0.5,0.0,6.94,1.0,96.89,0.0,1.75,0.0
1957815,2,2025-08-23 13:38:26,2025-08-23 13:48:16,1.0,1.25,1.0,N,162,230,2,10.7,0.0,0.5,0.0,0.0,1.0,15.45,2.5,0.0,0.75
600648,1,2025-08-07 20:49:23,2025-08-07 21:00:03,1.0,1.7,1.0,N,237,262,1,12.1,3.5,0.5,3.4,0.0,1.0,20.5,2.5,0.0,0.0
3170848,2,2025-08-17 03:50:00,2025-08-17 04:05:00,,4.62,,,234,75,0,20.93,0.0,0.5,0.0,0.0,1.0,25.68,,,0.75
509090,7,2025-08-06 21:30:57,2025-08-06 21:30:57,1.0,2.41,1.0,N,249,230,1,17.0,0.0,0.5,1.0,0.0,1.0,23.75,2.5,0.0,0.75
400898,2,2025-08-05 19:12:49,2025-08-05 19:28:41,1.0,4.92,1.0,N,144,181,1,21.9,2.5,0.5,5.83,0.0,1.0,34.98,2.5,0.0,0.75
757083,2,2025-08-09 18:14:13,2025-08-09 18:31:50,2.0,3.7,1.0,N,181,114,1,21.2,0.0,0.5,6.49,0.0,1.0,32.44,2.5,0.0,0.75
384261,2,2025-08-05 16:01:05,2025-08-05 16:21:54,1.0,3.19,1.0,N,246,231,1,21.9,2.5,0.5,5.83,0.0,1.0,34.98,2.5,0.0,0.75
132991,1,2025-08-02 16:36:35,2025-08-02 16:41:03,1.0,1.4,1.0,N,50,246,1,7.9,3.25,0.5,2.55,0.0,1.0,15.2,2.5,0.0,0.75
2158656,2,2025-08-25 20:03:31,2025-08-25 20:13:28,1.0,1.1,1.0,N,162,48,1,10.0,1.0,0.5,2.0,0.0,1.0,17.75,2.5,0.0,0.75
3384409,2,2025-08-24 20:57:57,2025-08-24 21:19:32,,7.65,,,74,241,0,26.62,0.0,0.5,0.0,0.0,1.0,28.12,,,0.0
822756,2,2025-08-10 15:45:49,2025-08-10 15:54:31,2.0,1.7,1.0,N,43,43,1,11.4,0.0,0.5,3.08,0.0,1.0,18.48,2.5,0.0,0.0
2816841,2,2025-08-04 18:26:30,2025-08-04 18:40:37,,0.0,,,141,107,0,17.87,0.0,0.5,0.0,0.0,1.0,22.62,,,0.75
2040392,1,2025-08-24 12:20:14,2025-08-24 12:38:00,1.0,3.6,1.0,N,246,236,1,17.7,3.25,0.5,4.5,0.0,1.0,26.95,2.5,0.0,0.75
342834,2,2025-08-05 09:31:52,2025-08-05 09:44:47,1.0,2.18,1.0,N,236,161,1,14.2,0.0,0.5,3.79,0.0,1.0,22.74,2.5,0.0,0.75
3217355,2,2025-08-18 22:16:17,2025-08-18 22:37:38,,6.71,,,223,137,0,1.06,0.0,0.5,0.0,0.0,1.0,5.81,,,0.75
3177443,2,2025-08-17 10:18:07,2025-08-17 10:38:45,,9.38,,,76,196,0,22.66,0.0,0.5,0.0,0.0,1.0,24.16,,,0.0
1507918,2,2025-08-18 12:44:34,2025-08-18 12:55:09,1.0,1.89,1.0,N,43,238,1,12.8,0.0,0.5,3.36,0.0,1.0,20.16,2.5,0.0,0.0
1336063,1,2025-08-16 10:30:32,2025-08-16 10:36:05,1.0,1.3,1.0,N,234,48,1,7.9,3.25,0.5,2.55,0.0,1.0,15.2,2.5,0.0,0.75
1823488,2,2025-08-21 20:12:30,2025-08-21 20:18:58,1.0,0.52,1.0,N,107,113,1,7.2,1.0,0.5,2.59,0.0,1.0,15.54,2.5,0.0,0.75
1474917,2,2025-08-17 21:21:48,2025-08-17 21:35:58,1.0,3.08,1.0,N,186,87,1,16.3,1.0,0.5,4.41,0.0,1.0,26.46,2.5,0.0,0.75
2440635,7,2025-08-28 23:36:05,2025-08-28 23:36:05,2.0,7.52,1.0,N,132,93,2,29.6,0.0,0.5,0.0,0.0,1.0,33.85,0.0,1.75,0.0
1235723,2,2025-08-15 03:36:25,2025-08-15 03:54:11,2.0,4.9,1.0,N,255,164,1,23.3,1.0,0.5,5.81,0.0,1.0,34.86,2.5,0.0,0.75
1783832,1,2025-08-21 14:47:05,2025-08-21 15:50:14,1.0,15.2,5.0,N,163,132,2,85.0,0.75,0.0,0.0,6.94,1.0,93.69,0.0,0.0,0.75
812135,1,2025-08-10 13:18:37,2025-08-10 13:20:29,1.0,0.0,1.0,N,246,246,1,3.7,3.25,0.5,1.0,0.0,1.0,9.45,2.5,0.0,0.75
1028782,2,2025-08-12 23:15:59,2025-08-12 23:26:18,2.0,2.24,1.0,N,186,170,1,12.8,1.0,0.5,0.0,0.0,1.0,18.55,2.5,0.0,0.75
3534931,2,2025-08-30 22:25:23,2025-08-30 22:33:37,,1.61,,,237,262,0,8.95,0.0,0.5,0.0,0.0,1.0,13.7,,,0.75
1191290,2,2025-08-14 17:23:44,2025-08-14 17:40:30,1.0,1.35,1.0,N,137,162,1,14.9,2.5,0.5,3.32,0.0,1.0,25.47,2.5,0.0,0.75
3517752,2,2025-08-30 11:05:56,2025-08-30 11:38:10,,5.75,,,255,7,0,23.4,0.0,0.5,0.0,0.0,1.0,24.9,,,0.0
1663876,1,2025-08-20 10:45:59,2025-08-20 10:52:30,1.0,0.9,1.0,N,186,234,2,7.9,3.25,0.5,0.0,0.0,1.0,12.65,2.5,0.0,0.75
1108362,1,2025-08-13 19:07:06,2025-08-13 19:14:02,1.0,0.9,1.0,N,141,229,1,8.6,5.75,0.5,2.0,0.0,1.0,17.85,2.5,0.0,0.75
3376856,2,2025-08-24 15:16:13,2025-08-24 15:24:11,,1.13,,,144,209,0,9.18,0.0,0.5,0.0,0.0,1.0,13.93,,,0.75
1037237,2,2025-08-13 07:11:49,2025-08-13 07:16:49,1.0,0.78,1.0,N,163,161,1,7.2,0.0,0.5,2.39,0.0,1.0,14.34,2.5,0.0,0.75
2830265,2,2025-08-05 08:45:54,2025-08-05 08:57:08,,0.88,,,231,261,0,8.78,0.0,0.5,0.0,0.0,1.0,13.53,,,0.75
2335669,2,2025-08-27 20:15:11,2025-08-27 20:52:55,1.0,14.65,1.0,N,132,146,1,58.3,1.0,0.5,6.0,0.0,1.0,68.55,0.0,1.75,0.0
3084955,2,2025-08-14 17:06:24,2025-08-14 17:49:54,,7.37,,,140,244,0,42.53,0.0,0.5,0.0,0.0,1.0,46.53,,,0.0
1102560,2,2025-08-13 18:19:25,2025-08-13 18:23:04,1.0,0.83,1.0,N,43,151,1,6.5,2.5,0.5,2.1,0.0,1.0,12.6,0.0,0.0,0.0
2201822,2,2025-08-26 13:52:14,2025-08-26 14:46:11,1.0,17.42,2.0,N,132,125,1,70.0,0.0,0.5,10.0,0.0,1.0,84.75,2.5,0.0,0.75
2396934,2,2025-08-28 14:47:52,2025-08-28 14:56:26,1.0,1.33,1.0,N,262,75,1,10.0,0.0,0.5,3.5,0.0,1.0,17.5,2.5,0.0,0.0
597506,2,2025-08-07 19:51:10,2025-08-07 20:40:18,1.0,17.75,2.0,N,132,161,1,70.0,5.0,0.5,17.34,6.94,1.0,105.78,2.5,1.75,0.75
1700488,2,2025-08-20 16:37:23,2025-08-20 17:26:21,1.0,9.84,1.0,N,132,39,2,50.6,2.5,0.5,0.0,0.0,1.0,56.35,0.0,1.75,0.0
1037632,1,2025-08-13 08:26:49,2025-08-13 09:03:38,1.0,13.7,1.0,N,140,26,1,56.9,3.25,0.5,5.0,6.94,1.0,73.59,2.5,0.0,0.75
2813371,2,2025-08-04 15:10:14,2025-08-04 15:21:22,,3.77,,,75,229,0,17.96,0.0,0.5,0.0,0.0,1.0,22.71,,,0.75
1552734,1,2025-08-18 22:19:49,2025-08-18 22:29:26,1.0,1.6,1.0,N,161,140,1,10.0,4.25,0.5,3.95,0.0,1.0,19.7,2.5,0.0,0.75
223692,2,2025-08-03 17:45:22,2025-08-03 17:55:58,1.0,1.83,1.0,N,143,237,1,12.1,0.0,0.5,1.0,0.0,1.0,17.85,2.5,0.0,0.75
1010569,2,2025-08-12 19:33:08,2025-08-12 19:53:39,1.0,2.58,1.0,N,90,148,2,19.1,2.5,0.5,0.0,0.0,1.0,26.35,2.5,0.0,0.75
1783988,2,2025-08-21 14:43:37,2025-08-21 15:13:32,1.0,7.13,1.0,N,132,139,2,33.1,0.0,0.5,0.0,0.0,1.0,36.35,0.0,1.75,0.0
2107966,1,2025-08-25 10:33:43,2025-08-25 10:59:03,1.0,3.9,1.0,N,68,236,1,23.3,3.25,0.5,5.6,0.0,1.0,33.65,2.5,0.0,0.75
2765340,2,2025-08-02 23:10:54,2025-08-02 23:25:10,,2.57,,,97,36,0,19.3,0.0,0.5,0.0,0.0,1.0,20.8,,,0.0
336519,2,2025-08-05 07:58:52,2025-08-05 08:04:55,1.0,0.88,1.0,N,229,237,1,7.9,0.0,0.5,1.26,0.0,1.0,13.91,2.5,0.0,0.75
2971948,2,2025-08-10 01:25:51,2025-08-10 01:47:44,,11.02,,,148,244,0,54.84,0.0,0.5,8.94,0.0,1.0,68.53,,,0.75
2327393,2,2025-08-27 19:41:09,2025-08-27 20:04:38,4.0,6.46,1.0,N,140,152,1,31.0,2.5,0.5,3.0,0.0,1.0,40.5,2.5,0.0,0.0
845708,2,2025-08-10 20:41:19,2025-08-10 20:46:06,1.0,0.9,1.0,N,163,230,1,6.5,1.0,0.5,2.45,0.0,1.0,14.7,2.5,0.0,0.75
894684,2,2025-08-11 14:07:01,2025-08-11 14:15:21,2.0,1.18,1.0,N,141,162,1,9.3,0.0,0.5,2.0,0.0,1.0,16.05,2.5,0.0,0.75
3317685,2,2025-08-22 23:59:04,2025-08-23 00:33:56,,11.79,,,181,7,0,3.66,0.0,0.5,0.0,0.0,1.0,5.16,,,0.0
2700441,1,2025-08-01 12:11:00,2025-08-01 12:22:12,,1.5,,,263,238,0,8.66,0.0,0.5,0.0,0.0,1.0,12.66,,,0.0
2698432,2,2025-08-01 10:51:41,2025-08-01 11:11:08,,2.33,,,148,170,0,17.0,0.0,0.5,0.0,0.0,1.0,21.75,,,0.75
2476820,2,2025-08-29 14:24:16,2025-08-29 14:31:32,2.0,1.06,1.0,N,186,249,1,8.6,0.0,0.5,3.0,0.0,1.0,16.35,2.5,0.0,0.75
568902,2,2025-08-07 15:22:27,2025-08-07 15:38:08,1.0,0.62,1.0,N,90,100,1,13.5,0.0,0.5,3.65,0.0,1.0,21.9,2.5,0.0,0.75
1312979,2,2025-08-15 22:05:23,2025-08-15 22:17:48,2.0,7.88,1.0,N,132,93,2,30.3,1.0,0.5,0.0,0.0,1.0,34.55,0.0,1.75,0.0
1178081,2,2025-08-14 14:07:31,2025-08-14 14:18:54,1.0,0.95,1.0,N,162,48,1,11.4,0.0,0.5,4.04,0.0,1.0,20.19,2.5,0.0,0.75
1964597,2,2025-08-23 14:20:32,2025-08-23 14:47:19,3.0,4.65,1.0,N,170,79,1,27.5,0.0,0.5,0.0,0.0,1.0,32.25,2.5,0.0,0.75
3052608,2,2025-08-13 17:39:13,2025-08-13 18:01:37,,0.0,,,239,161,0,20.23,0.0,0.5,0.0,0.0,1.0,24.98,,,0.75
